{
  "project_info": {
    "project_number": "404201275486",
    "project_id": "ecomerceapp-c224c",
    "storage_bucket": "ecomerceapp-c224c.appspot.com"
  },
  "client": [
    {
      "client_info": {
        "mobilesdk_app_id": "1:404201275486:android:4274a32783a13bd10ab4cf",
        "android_client_info": {
          "package_name": "com.mycompany.cartnshopapp"
        }
      },
      "oauth_client": [],
      "api_key": [
        {
          "current_key": "AIzaSyDyPsup3EyqOv2qnLWajVCmgHDpz9PjbiE"
        }
      ],
      "services": {
        "appinvite_service": {
          "other_platform_oauth_client": []
        }
      }
    }
  ],
  "configuration_version": "1"
}